Year,Population,GDP_USD,Inflation,Mobile_subs_per100,School_primary,Events,Fatalities,GDP_per_capita,Events_per_100k,Fatalities_per_100k,Events_3yr_avg,Fatalities_3yr_avg,Events_per_100k_3yr_avg,Fatalities_per_100k_3yr_avg,GDP_USD_3yr_avg,Inflation_3yr_avg,GDP_per_capita_lag1,GDP_USD_lag1,Inflation_lag1,Events_lag1,Events_per_100k_lag1
2023,50042791.0,39898289821.0,29.68966986,,,4883,17011,797.28346528474,9.75764920865425,33.992908189313425,2158.3333333333335,6924.666666666667,4.3397620850176795,13.901168403141165,41931559653.0,127.35972962000001,1046.2408797289677,51666875363.0,116.8740754,909.0,1.8407015190910716
2024,50448963.0,49909807030.0,243.6691074,,,5949,16640,989.3128433581479,11.792115528717607,32.98382961806371,3913.6666666666665,11926.666666666666,7.796822085487643,23.762635937312325,47158324071.333336,130.07761755333334,797.28346528474,39898289821.0,29.68966986,4883.0,9.75764920865425
